{"speaker_0": -34.90383383333333, "speaker_1": -33.34744075}